{
    "loss": 1.8852428197860718,
    "accuracy": 0.8879310488700867
}